Heat Exchanger Surface,Flue Gas In [K],Flue Gas Out [K],Water/Steam In [K],Water/Steam Out [K],Steam/Water Mass Flow [kg/s],Heat Duty [kW]
HP Superheater,871.3872612698735,803.6879591274633,623.0061528612805,838.15,54,49210.35193010946
IP Superheater,803.6879591274633,741.2429106748942,443.56351081360015,793.3008982793866,60,45391.05593997865
LP Superheater,741.2429106748942,734.9189059940695,416.76253299838277,681.1412376576549,8.32,4596.893706472756
HP Evaporator,734.9189059940695,668.439450020495,623.0061528612805,623.0061528612805,54,48323.6506293674
HP Economiser,668.439450020495,590.616168877963,418.40643246415107,623.0061528612805,54,56569.43176938191
IP Evaporator,590.616168877963,573.717317188775,443.56351081360015,443.56351081360015,6,12283.707697463939
IP Economiser,573.717317188775,572.761144615119,416.8090794769212,443.56351081360015,6,695.0380191002971
LP Evaporator,572.761144615119,431.88818460247546,416.76253299838277,416.76253299838277,48,102399.99114135047
LP Economiser,431.88818460247546,351.4597023271316,288.1579152793768,416.76253299838277,108,58463.14205201836
