Heat Exchanger Surface,Flue Gas In [K],Flue Gas Out [K],Water/Steam In [K],Water/Steam Out [K],Steam/Water Mass Flow [kg/s],Heat Duty [kW]
HP Superheater,871.3872612698735,803.6879591274633,623.0061528612805,838.15,54,49210.35193010946
IP Superheater,803.6879591274633,741.2429106748942,443.56351081360015,793.3008982793866,60,45391.05593997865
LP Superheater,741.2429106748942,734.9189059940695,416.76253299838277,681.1412376576549,8.32,4596.893706472756
